URL,Version,Status,OIDs,Name,Title,Description,Uses,Used,Sources
http://fhir.de/ValueSet/bfarm/alpha-id,1.5.4,active,,AlphaIdVS,AlphaId ValueSet,"Die Alpha-ID ermöglicht es, medizinische und alltagssprachliche Diagnosenbezeichnungen zu kodieren, stellt also Diagnosenkodes zur Verfügung. 2005 als Prototyp vom DIMDI herausgegeben basiert die Alpha-ID auf dem Alphabetischen Verzeichnis zur ICD-10-GM. Jedem Eintrag des Alphabets ist eine fortlaufende, stabile, nichtsprechende Identifikationsnummer zugeordnet: der Alpha-ID-Kode. Er identifiziert den Eintrag eindeutig und übernimmt somit die Funktion eines nichtklassifizierenden Diagnosenkodes.","StructureDefinition/PrimaryDiagnosis","de.basisprofil.r4"
http://fhir.de/ValueSet/bfarm/icd-10-gm,1.5.4,active,,ICD10GMVS,ICD10GM ValueSet,"ICD-10-GM","StructureDefinition/Operation,StructureDefinition/PrimaryDiagnosis","de.basisprofil.r4"
http://hl7.org/fhir/ValueSet/administrative-gender,4.0.1,active,"2.16.840.1.113883.4.642.3.1",AdministrativeGender,AdministrativeGender,"The gender of a person used for administrative purposes.","StructureDefinition/PatientPseudonym","hl7.fhir.r4.core"
http://hl7.org/fhir/ValueSet/body-site,4.0.1,draft,"2.16.840.1.113883.4.642.3.141",SNOMEDCTBodyStructures,SNOMED CT Body Structures,"This value set includes all codes from [SNOMED CT](http://snomed.info/sct) where concept is-a 442083009 (Anatomical or acquired body site (body structure)).","StructureDefinition/Histology,StructureDefinition/Radiotherapy,StructureDefinition/TNMc,StructureDefinition/Operation,StructureDefinition/PrimaryDiagnosis,StructureDefinition/TNMp,StructureDefinition/VitalStatus","SCT"
http://hl7.org/fhir/ValueSet/condition-category,4.0.1,draft,"2.16.840.1.113883.4.642.3.162",ConditionCategoryCodes,Condition Category Codes,"Preferred value set for Condition Categories.","StructureDefinition/PrimaryDiagnosis","THO"
http://hl7.org/fhir/ValueSet/condition-clinical,4.0.1,draft,"2.16.840.1.113883.4.642.3.164",ConditionClinicalStatusCodes,Condition Clinical Status Codes,"Preferred value set for Condition Clinical Status.","StructureDefinition/PrimaryDiagnosis","THO"
http://hl7.org/fhir/ValueSet/condition-code,4.0.1,draft,"2.16.840.1.113883.4.642.3.161",Condition/Problem/DiagnosisCodes,Condition/Problem/Diagnosis Codes,"Example value set for Condition/Problem/Diagnosis codes.","StructureDefinition/Radiotherapy,StructureDefinition/Operation,StructureDefinition/SystemicTherapy,StructureDefinition/PrimaryDiagnosis","SCT"
http://hl7.org/fhir/ValueSet/condition-severity,4.0.1,draft,"2.16.840.1.113883.4.642.3.168",Condition/DiagnosisSeverity,Condition/Diagnosis Severity,"Preferred value set for Condition/Diagnosis severity grading.","StructureDefinition/PrimaryDiagnosis","SCT"
http://hl7.org/fhir/ValueSet/condition-stage,4.0.1,draft,"2.16.840.1.113883.4.642.3.170",ConditionStage,Condition Stage,"Example value set for stages of cancer and other conditions.","StructureDefinition/PrimaryDiagnosis","SCT"
http://hl7.org/fhir/ValueSet/condition-stage-type,4.0.1,draft,"2.16.840.1.113883.4.642.3.171",ConditionStageType,Condition Stage Type,"Example value set for the type of stages of cancer and other conditions","StructureDefinition/PrimaryDiagnosis","SCT"
http://hl7.org/fhir/ValueSet/condition-ver-status,4.0.1,draft,"2.16.840.1.113883.4.642.3.166",ConditionVerificationStatus,ConditionVerificationStatus,"The verification status to support or decline the clinical status of the condition or diagnosis.","StructureDefinition/PrimaryDiagnosis","THO"
http://hl7.org/fhir/ValueSet/data-absent-reason,4.0.1,active,"2.16.840.1.113883.4.642.3.5",DataAbsentReason,DataAbsentReason,"Used to specify why the normally expected content of the data element is missing.","StructureDefinition/Histology,StructureDefinition/TNMc,StructureDefinition/TNMp,StructureDefinition/VitalStatus","THO"
http://hl7.org/fhir/ValueSet/device-action,4.0.1,draft,"2.16.840.1.113883.4.642.3.425",ProcedureDeviceActionCodes,Procedure Device Action Codes,"Example codes indicating the change that happened to the device during the procedure.  Note that these are in no way complete and might not even be appropriate for some uses.","StructureDefinition/Radiotherapy,StructureDefinition/Operation","SCT"
http://hl7.org/fhir/ValueSet/device-kind,4.0.1,draft,"2.16.840.1.113883.4.642.3.208",FHIRDeviceTypes,FHIR Device Types,"Codes used to identify medical devices. Includes concepts from SNOMED CT (http://www.snomed.org/) where concept is-a 49062001 (Device)  and is provided as a suggestive example.","StructureDefinition/Radiotherapy,StructureDefinition/Operation","SCT"
http://hl7.org/fhir/ValueSet/event-status,4.0.1,draft,"2.16.840.1.113883.4.642.3.109",EventStatus,EventStatus,"Codes identifying the lifecycle stage of an event.","StructureDefinition/Radiotherapy,StructureDefinition/Operation","hl7.fhir.r4.core"
http://hl7.org/fhir/ValueSet/languages,4.0.1,draft,"2.16.840.1.113883.4.642.3.20",CommonLanguages,Common Languages,"This value set includes common codes from BCP-47 (http://tools.ietf.org/html/bcp47)","StructureDefinition/Histology,StructureDefinition/Radiotherapy,StructureDefinition/Specimen,StructureDefinition/TNMc,StructureDefinition/Operation,StructureDefinition/SystemicTherapy,StructureDefinition/PatientPseudonym,StructureDefinition/PrimaryDiagnosis,StructureDefinition/TNMp,StructureDefinition/VitalStatus","Other"
http://hl7.org/fhir/ValueSet/link-type,4.0.1,active,"2.16.840.1.113883.4.642.3.423",LinkType,LinkType,"The type of link between this patient resource and another patient resource.","StructureDefinition/PatientPseudonym","hl7.fhir.r4.core"
http://hl7.org/fhir/ValueSet/marital-status,4.0.1,active,"2.16.840.1.113883.4.642.3.29",Marital Status Codes,MaritalStatus,"This value set defines the set of codes that can be used to indicate the marital status of a person.","StructureDefinition/PatientPseudonym","THO (V3)"
http://hl7.org/fhir/ValueSet/medication-codes,4.0.1,draft,"2.16.840.1.113883.4.642.3.375",SNOMEDCTMedicationCodes,SNOMED CT Medication Codes,"This value set includes all drug or medicament substance codes and all pharmaceutical/biologic products from SNOMED CT - provided as an exemplar value set.","StructureDefinition/SystemicTherapy","SCT"
http://hl7.org/fhir/ValueSet/medication-statement-status,4.0.1,draft,"2.16.840.1.113883.4.642.3.367",Medication Status Codes,Medication  status  codes,"Medication Status Codes","StructureDefinition/SystemicTherapy","hl7.fhir.r4.core"
http://hl7.org/fhir/ValueSet/observation-category,4.0.1,draft,"2.16.840.1.113883.4.642.3.403",ObservationCategoryCodes,Observation Category Codes,"Observation Category codes.","StructureDefinition/Histology,StructureDefinition/TNMc,StructureDefinition/TNMp,StructureDefinition/VitalStatus","THO"
http://hl7.org/fhir/ValueSet/observation-codes,4.0.1,draft,"2.16.840.1.113883.4.642.3.396",LOINCCodes,LOINC Codes,"This value set includes all LOINC codes","StructureDefinition/Histology,StructureDefinition/TNMc,StructureDefinition/TNMp,StructureDefinition/VitalStatus","LOINC"
http://hl7.org/fhir/ValueSet/observation-interpretation,4.0.1,active,"2.16.840.1.113883.4.642.3.399",ObservationInterpretationCodes,Observation Interpretation Codes,"A categorical assessment, providing a rough qualitative interpretation of the observation value,    such as “normal”/ “abnormal”,”low” / “high”, “better” / “worse”, “susceptible” / “resistant”, “expected”/ “not expected”.    The value set is intended to be for ANY use where coded representation of an interpretation is needed.             Notes:          This is being communicated in v2.x in OBX-8 (Observation Interpretation), in v3 in ObservationInterpretation (CWE) in R1 (Representative Realm) and in FHIR in    Observation.interpretation. Historically these values come from the laboratory domain, and these codes are extensively    used. The value set binding is extensible, so codes outside the value set that are needed for interpretation concepts    (i.e. particular meanings) that are not included in the value set can be used, and these new codes may also be added to    the value set and published in a future version.","StructureDefinition/Histology,StructureDefinition/TNMc,StructureDefinition/TNMp,StructureDefinition/VitalStatus","THO (V3)"
http://hl7.org/fhir/ValueSet/observation-methods,4.0.1,draft,"2.16.840.1.113883.4.642.3.395",ObservationMethods,Observation Methods,"Observation Method codes from [SNOMED CT](http://snomed.info/sct) where concept is-a 272394005 (Technique (qualifier value)) or is-a 129264002 (Action (qualifier value)) or is-a 386053000 (Evaluation procedure(procedure))","StructureDefinition/Histology,StructureDefinition/TNMc,StructureDefinition/TNMp,StructureDefinition/VitalStatus","SCT"
http://hl7.org/fhir/ValueSet/observation-status,4.0.1,active,"2.16.840.1.113883.4.642.3.400",ObservationStatus,ObservationStatus,"Codes providing the status of an observation.","StructureDefinition/Histology,StructureDefinition/TNMc,StructureDefinition/TNMp,StructureDefinition/VitalStatus","hl7.fhir.r4.core"
http://hl7.org/fhir/ValueSet/patient-contactrelationship,4.0.1,active,"2.16.840.1.113883.4.642.3.1130",PatientContactRelationship,Patient Contact Relationship ,"The nature of the relationship between the patient and the contact person.","StructureDefinition/PatientPseudonym","THO (V2)"
http://hl7.org/fhir/ValueSet/performer-role,4.0.1,draft,"2.16.840.1.113883.4.642.3.433",ProcedurePerformerRoleCodes,Procedure Performer Role Codes,"This example value set defines the set of codes that can be used to indicate a role of a procedure performer.","StructureDefinition/Radiotherapy,StructureDefinition/Operation","SCT"
http://hl7.org/fhir/ValueSet/procedure-code,4.0.1,draft,"2.16.840.1.113883.4.642.3.427",ProcedureCodes(SNOMEDCT),Procedure Codes (SNOMED CT),"Procedure Code: All SNOMED CT procedure codes.","StructureDefinition/Radiotherapy,StructureDefinition/Operation","SCT"
http://hl7.org/fhir/ValueSet/procedure-followup,4.0.1,draft,"2.16.840.1.113883.4.642.3.429",ProcedureFollowUpCodes(SNOMEDCT),Procedure Follow up Codes (SNOMED CT),"Procedure follow up codes: A selection of SNOMED CT codes relevant to procedure follow up.","StructureDefinition/Radiotherapy,StructureDefinition/Operation","SCT"
http://hl7.org/fhir/ValueSet/procedure-not-performed-reason,4.0.1,active,"2.16.840.1.113883.4.642.3.431",ProcedureNotPerformedReason(SNOMED-CT),Procedure Not Performed Reason (SNOMED-CT),"Situation codes describing the reason that a procedure, which might otherwise be expected, was not performed, or a procedure that was started and was not completed. Consists of SNOMED CT codes, children of procedure contraindicated (183932001), procedure discontinued (416406003), procedure not done (416237000), procedure not indicated (428119001), procedure not offered (416064006), procedure not wanted (416432009), procedure refused (183944003), and procedure stopped (394908001).","StructureDefinition/Radiotherapy,StructureDefinition/Operation","SCT"
http://hl7.org/fhir/ValueSet/procedure-outcome,4.0.1,draft,"2.16.840.1.113883.4.642.3.428",ProcedureOutcomeCodes(SNOMEDCT),Procedure Outcome Codes (SNOMED CT),"Procedure Outcome code: A selection of relevant SNOMED CT codes.","StructureDefinition/Radiotherapy,StructureDefinition/Operation","SCT"
http://hl7.org/fhir/ValueSet/procedure-reason,4.0.1,draft,"2.16.840.1.113883.4.642.3.432",ProcedureReasonCodes,Procedure Reason Codes,"This example value set defines the set of codes that can be used to indicate a reason for a procedure.","StructureDefinition/Radiotherapy,StructureDefinition/Operation","SCT"
http://hl7.org/fhir/ValueSet/quantity-comparator,4.0.1,active,"2.16.840.1.113883.4.642.3.59",QuantityComparator,QuantityComparator,"How the Quantity should be understood and represented.","StructureDefinition/Specimen","hl7.fhir.r4.core"
http://hl7.org/fhir/ValueSet/reason-medication-status-codes,4.0.1,draft,"2.16.840.1.113883.4.642.3.369",SNOMEDCTDrugTherapyStatusCodes,SNOMED CT Drug Therapy Status codes ,"This value set includes some taken and not taken reason codes from SNOMED CT - provided as an exemplar","StructureDefinition/SystemicTherapy","SCT"
http://hl7.org/fhir/ValueSet/referencerange-appliesto,4.0.1,draft,"2.16.840.1.113883.4.642.3.407",ObservationReferenceRangeAppliesToCodes,Observation Reference Range Applies To Codes,"This value set defines a set of codes that can be used to indicate the particular target population the reference range applies to.","StructureDefinition/Histology,StructureDefinition/TNMc,StructureDefinition/TNMp,StructureDefinition/VitalStatus","SCT"
http://hl7.org/fhir/ValueSet/referencerange-meaning,4.0.1,draft,"2.16.840.1.113883.4.642.3.397",ObservationReferenceRangeMeaningCodes,Observation Reference Range Meaning Codes,"This value set defines a set of codes that can be used to indicate the meaning/use of a reference range for a particular target population.","StructureDefinition/Histology,StructureDefinition/TNMc,StructureDefinition/TNMp,StructureDefinition/VitalStatus","THO"
http://hl7.org/fhir/ValueSet/resource-types,4.0.1,active,"2.16.840.1.113883.4.642.3.27",ResourceType,ResourceType,"One of the resource types defined as part of this version of FHIR.","StructureDefinition/Histology,StructureDefinition/SystemicTherapy,StructureDefinition/PrimaryDiagnosis","hl7.fhir.r4.core"
http://hl7.org/fhir/ValueSet/specimen-collection-method,4.0.1,draft,"2.16.840.1.113883.4.642.3.468",FHIRSpecimenCollectionMethod,FHIR Specimen Collection Method," This example value set defines a set of codes that can be used to indicate the method by which a specimen was collected.","StructureDefinition/Specimen","SCT"
http://hl7.org/fhir/ValueSet/specimen-container-type,4.0.1,draft,"2.16.840.1.113883.4.642.3.470",SpecimenContainerType,Specimen Container Type,"Checks on the patient prior specimen collection. All SNOMED CT concepts descendants of 706041008 |Device for body fluid and tissue collection/transfer/processing (physical object)|","StructureDefinition/Specimen","SCT"
http://hl7.org/fhir/ValueSet/specimen-processing-procedure,4.0.1,draft,"2.16.840.1.113883.4.642.3.469",SpecimenProcessingProcedure,Specimen processing procedure,"The technique that is used to perform the process or preserve the specimen.","StructureDefinition/Specimen","THO (V2)"
http://hl7.org/fhir/ValueSet/specimen-status,4.0.1,draft,"2.16.840.1.113883.4.642.3.471",SpecimenStatus,SpecimenStatus,"Codes providing the status/availability of a specimen.","StructureDefinition/Specimen","hl7.fhir.r4.core"
http://terminology.hl7.org/ValueSet/v2-0371,3.0.0,active,"2.16.840.1.113883.21.245",Hl7VSAdditivePreservative,hl7VS-additivePreservative,"Concepts specifying any additive introduced to the specimen before or at the time of collection.  These additives may be introduced in order to preserve, maintain or enhance the particular nature or component of the specimen.  Used in Version 2 messaging in the SPM segment.","StructureDefinition/Specimen","THO (V2)"
http://terminology.hl7.org/ValueSet/v2-0493,3.0.0,active,"2.16.840.1.113883.21.333",Hl7VSSpecimenCondition,hl7VS-specimenCondition,"Concepts of modes or states of being that describe the nature of a specimen.  Used in Version 2 messaging in the SPM segment.","StructureDefinition/Specimen","THO (V2)"
http://terminology.hl7.org/ValueSet/v2-0916,3.0.0,active,"2.16.840.1.113883.21.440",Hl7VSRelevantClincialInformation,hl7VS-relevantClincialInformation,"Value Set of codes that specify additional clinical information about the patient or specimen to report the supporting and/or suspected diagnosis and clinical findings on requests for interpreted diagnostic studies.","StructureDefinition/Specimen","THO (V2)"
https://www.cancercoreeurope.eu/fhir/core/ValueSet/DiagnosticConfirmationVS,0.6.2,draft,,DiagnosticConfirmationVS,Diagnostic Confirmation VS,"Diagnostic Confirmation","StructureDefinition/PrimaryDiagnosis","Internal"
https://www.cancercoreeurope.eu/fhir/core/ValueSet/GeneNomenclatureVS,0.6.2,draft,,GeneNomenclatureVS,Gene Nomenclature VS,"HUGO Gene Nomenclature",,"Other"
https://www.cancercoreeurope.eu/fhir/core/ValueSet/GeneticVariantVS,0.6.2,draft,,GeneticVariantVS,Genetic Variant VS,"Genetic Variant",,"Internal"
https://www.cancercoreeurope.eu/fhir/core/ValueSet/GradingVS,0.6.2,draft,,GradingVS,Grading VS,"Grading (degree of differentiation of the tumor)",,"Internal"
https://www.cancercoreeurope.eu/fhir/core/ValueSet/ICDOVersionVS,0.6.2,draft,,ICDOVersionVS,ICDO Version VS,"ICD-O Version","StructureDefinition/Histology,StructureDefinition/PrimaryDiagnosis","Internal"
https://www.cancercoreeurope.eu/fhir/core/ValueSet/ICDVersionVS,0.6.2,draft,,ICDVersionVS,ICD Version VS,"Version des ICD-10-GM","StructureDefinition/PrimaryDiagnosis","Internal"
https://www.cancercoreeurope.eu/fhir/core/ValueSet/LocalAssessmentResidualTumorVS,0.6.2,draft,,LocalAssessmentResidualTumorVS,Local Assessment Residual Tumor VS,"Residual Tumor","StructureDefinition/Operation","Internal"
https://www.cancercoreeurope.eu/fhir/core/ValueSet/MorphologyICDO3VS,0.6.2,draft,,MorphologyICDO3VS,Morphology ICDO3 VS,"Morphology ICD-O-3 Codes","StructureDefinition/Histology","Other"
https://www.cancercoreeurope.eu/fhir/core/ValueSet/OPIntentionVS,0.6.2,draft,,OPIntentionVS,OP Intention VS,"OP Intention",,"Internal"
https://www.cancercoreeurope.eu/fhir/core/ValueSet/OPOPSVersionVS,0.6.2,draft,,OPOPSVersionVS,OPOPS Version VS,"OPS Version according to Schema","StructureDefinition/Operation","Internal"
https://www.cancercoreeurope.eu/fhir/core/ValueSet/OverallAssessmentResidualTumorVS,0.6.2,draft,,OverallAssessmentResidualTumorVS,Overall Assessment Residual Tumor VS,"Residual Tumor","StructureDefinition/Operation","Internal"
https://www.cancercoreeurope.eu/fhir/core/ValueSet/ProgressionLocalTumorStatusVS,0.6.2,draft,,ProgressionLocalTumorStatusVS,Progression Local Tumor Status VS,"Progression of local Tumor status",,"Internal"
https://www.cancercoreeurope.eu/fhir/core/ValueSet/SYSTIntentionVS,0.6.2,draft,,SYSTIntentionVS,SYST Intention VS,"Intention",,"Internal"
https://www.cancercoreeurope.eu/fhir/core/ValueSet/SYSTTherapyTypeVS,0.6.2,draft,,SYSTTherapyTypeVS,SYST Therapy Type VS,"Type of Therapy","StructureDefinition/Radiotherapy,StructureDefinition/Operation,StructureDefinition/SystemicTherapy","Internal"
https://www.cancercoreeurope.eu/fhir/core/ValueSet/SampleMaterialTypeVS,0.6.2,draft,,SampleMaterialTypeVS,Sample Material Type,"Sample Material Types","StructureDefinition/Specimen","Internal"
https://www.cancercoreeurope.eu/fhir/core/ValueSet/SurgicalComplicationsVS,0.6.2,draft,,SurgicalComplicationsVS,Surgical Complications VS,"Surgical Complications","StructureDefinition/Operation","Internal"
https://www.cancercoreeurope.eu/fhir/core/ValueSet/TNMLCategoryVS,0.6.2,draft,,TNMLCategoryVS,TNML Category VS,"Lymphatic vessel invasion. Generally occurs as part of a pTNM","StructureDefinition/TNMc,StructureDefinition/TNMp","Internal"
https://www.cancercoreeurope.eu/fhir/core/ValueSet/TNMMVS,0.6.2,draft,,TNMMVS,TNMM VS,"TNM M-Category","StructureDefinition/TNMc,StructureDefinition/TNMp","Internal"
https://www.cancercoreeurope.eu/fhir/core/ValueSet/TNMNVS,0.6.2,draft,,TNMNVS,TNMN VS,"TNM N-Category","StructureDefinition/TNMc,StructureDefinition/TNMp","Internal"
https://www.cancercoreeurope.eu/fhir/core/ValueSet/TNMPnCategoryVS,0.6.2,draft,,TNMPnCategoryVS,TNMPn Category VS,"Perineural invasion. Generally occurs as part of a pTNM.","StructureDefinition/TNMc,StructureDefinition/TNMp","Internal"
https://www.cancercoreeurope.eu/fhir/core/ValueSet/TNMSCategoryVS,0.6.2,draft,,TNMSCategoryVS,TNMS Category VS,"Perineural invasion. Generally occurs as part of a pTNM.","StructureDefinition/TNMc,StructureDefinition/TNMp","Internal"
https://www.cancercoreeurope.eu/fhir/core/ValueSet/TNMTVS,0.6.2,draft,,TNMTVS,TNMT VS,"TNM T-Category","StructureDefinition/TNMc,StructureDefinition/TNMp","Internal"
https://www.cancercoreeurope.eu/fhir/core/ValueSet/TNMVCategoryVS,0.6.2,draft,,TNMVCategoryVS,TNMV Category VS,"Vein invasion. Generally performed as part of a pTNM.","StructureDefinition/TNMc,StructureDefinition/TNMp","Internal"
https://www.cancercoreeurope.eu/fhir/core/ValueSet/TNMVersionVS,0.6.2,draft,,TNMVersionVS,TNM Version VS,"TNM Version","StructureDefinition/TNMc,StructureDefinition/TNMp","Internal"
https://www.cancercoreeurope.eu/fhir/core/ValueSet/TNMmSymbolVS,0.6.2,draft,,TNMmSymbolVS,TNMm Symbol VS,"TNM m-Symbol","StructureDefinition/TNMc,StructureDefinition/TNMp","Internal"
https://www.cancercoreeurope.eu/fhir/core/ValueSet/TNMrSymbolVS,0.6.2,draft,,TNMrSymbolVS,TNMr Symbol VS,"TNM r-Symbol","StructureDefinition/TNMc,StructureDefinition/TNMp","Internal"
https://www.cancercoreeurope.eu/fhir/core/ValueSet/TNMySymbolVS,0.6.2,draft,,TNMySymbolVS,TNMy Symbol VS,"TNM y-Symbol","StructureDefinition/TNMc,StructureDefinition/TNMp","Internal"
https://www.cancercoreeurope.eu/fhir/core/ValueSet/TopographyICDO3VS,0.6.2,draft,,TopographyICDO3VS,Topography ICDO3 VS,"Topography ICD-O-3 Codes","StructureDefinition/PrimaryDiagnosis","Other"
https://www.cancercoreeurope.eu/fhir/core/ValueSet/TumorSiteLocationVS,0.6.2,draft,,TumorSiteLocationVS,Tumor Site Location VS,"Lateral location of the tumor","StructureDefinition/PrimaryDiagnosis","Internal"
https://www.cancercoreeurope.eu/fhir/core/ValueSet/UICCStageVS,0.6.2,draft,,UICCStageVS,UICC Stage VS,"UICC Stage","StructureDefinition/TNMc,StructureDefinition/TNMp","Internal"
https://www.cancercoreeurope.eu/fhir/core/ValueSet/VitalStatusVS,0.6.2,draft,,VitalStatusVS,Vital Status VS,"VitalStatus","StructureDefinition/VitalStatus","Internal"
https://www.cancercoreeurope.eu/fhir/core/ValueSet/YNUVS,0.6.2,draft,,YNUVS,YNU VS,"Yes / No / Unknown",,"Internal"
